MEASURE,Measure,REGIONTYPE,Geography Level,ASGS_2016,Region,FREQUENCY,Frequency,TIME,Time,Value,Flag Codes,Flags
ERP,Estimated Resident Population,SA4,Statistical Area Level 4,206,Melbourne - Inner,A,Annual,2019,2019,701634,,
ERP,Estimated Resident Population,SA3,Statistical Area Level 3,20601,Brunswick - Coburg,A,Annual,2019,2019,99584,,
ERP,Estimated Resident Population,SA2,Statistical Area Level 2,206011105,Brunswick,A,Annual,2019,2019,29993,,
ERP,Estimated Resident Population,SA2,Statistical Area Level 2,206011106,Brunswick East,A,Annual,2019,2019,13765,,
ERP,Estimated Resident Population,SA2,Statistical Area Level 2,206011107,Brunswick West,A,Annual,2019,2019,15543,,
ERP,Estimated Resident Population,SA2,Statistical Area Level 2,206011108,Coburg,A,Annual,2019,2019,29202,,
ERP,Estimated Resident Population,SA2,Statistical Area Level 2,206011109,Pascoe Vale South,A,Annual,2019,2019,11081,,
ERP,Estimated Resident Population,SA3,Statistical Area Level 3,20602,Darebin - South,A,Annual,2019,2019,58302,,
ERP,Estimated Resident Population,SA2,Statistical Area Level 2,206021110,Alphington - Fairfield,A,Annual,2019,2019,10008,,
ERP,Estimated Resident Population,SA2,Statistical Area Level 2,206021111,Northcote,A,Annual,2019,2019,27913,,
ERP,Estimated Resident Population,SA2,Statistical Area Level 2,206021112,Thornbury,A,Annual,2019,2019,20381,,
ERP,Estimated Resident Population,SA3,Statistical Area Level 3,20603,Essendon,A,Annual,2019,2019,74831,,
ERP,Estimated Resident Population,SA2,Statistical Area Level 2,206031113,Ascot Vale,A,Annual,2019,2019,16508,,
ERP,Estimated Resident Population,SA2,Statistical Area Level 2,206031114,Essendon - Aberfeldie,A,Annual,2019,2019,30927,,
ERP,Estimated Resident Population,SA2,Statistical Area Level 2,206031115,Flemington,A,Annual,2019,2019,11345,,
ERP,Estimated Resident Population,SA2,Statistical Area Level 2,206031116,Moonee Ponds,A,Annual,2019,2019,16051,,
ERP,Estimated Resident Population,SA3,Statistical Area Level 3,20604,Melbourne City,A,Annual,2019,2019,179021,,
ERP,Estimated Resident Population,SA2,Statistical Area Level 2,206041117,Carlton,A,Annual,2019,2019,24692,,
ERP,Estimated Resident Population,SA2,Statistical Area Level 2,206041118,Docklands,A,Annual,2019,2019,15701,,
ERP,Estimated Resident Population,SA2,Statistical Area Level 2,206041119,East Melbourne,A,Annual,2019,2019,5918,,
ERP,Estimated Resident Population,SA2,Statistical Area Level 2,206041120,Flemington Racecourse,A,Annual,2019,2019,91,,
ERP,Estimated Resident Population,SA2,Statistical Area Level 2,206041121,Kensington (Vic.),A,Annual,2019,2019,12173,,
ERP,Estimated Resident Population,SA2,Statistical Area Level 2,206041122,Melbourne,A,Annual,2019,2019,51894,,
ERP,Estimated Resident Population,SA2,Statistical Area Level 2,206041123,North Melbourne,A,Annual,2019,2019,26459,,
ERP,Estimated Resident Population,SA2,Statistical Area Level 2,206041124,Parkville,A,Annual,2019,2019,8756,,
ERP,Estimated Resident Population,SA2,Statistical Area Level 2,206041125,South Yarra - West,A,Annual,2019,2019,7010,,
ERP,Estimated Resident Population,SA2,Statistical Area Level 2,206041126,Southbank,A,Annual,2019,2019,26324,,
ERP,Estimated Resident Population,SA2,Statistical Area Level 2,206041127,West Melbourne,A,Annual,2019,2019,3,,
ERP,Estimated Resident Population,SA3,Statistical Area Level 3,20605,Port Phillip,A,Annual,2019,2019,115586,,
ERP,Estimated Resident Population,SA2,Statistical Area Level 2,206051128,Albert Park,A,Annual,2019,2019,17806,,
ERP,Estimated Resident Population,SA2,Statistical Area Level 2,206051129,Elwood,A,Annual,2019,2019,16754,,
ERP,Estimated Resident Population,SA2,Statistical Area Level 2,206051130,Port Melbourne,A,Annual,2019,2019,18049,,
ERP,Estimated Resident Population,SA2,Statistical Area Level 2,206051131,Port Melbourne Industrial,A,Annual,2019,2019,438,,
ERP,Estimated Resident Population,SA2,Statistical Area Level 2,206051132,South Melbourne,A,Annual,2019,2019,13509,,
ERP,Estimated Resident Population,SA2,Statistical Area Level 2,206051133,St Kilda,A,Annual,2019,2019,30447,,
ERP,Estimated Resident Population,SA2,Statistical Area Level 2,206051134,St Kilda East,A,Annual,2019,2019,18583,,
ERP,Estimated Resident Population,SA3,Statistical Area Level 3,20606,Stonnington - West,A,Annual,2019,2019,72057,,
ERP,Estimated Resident Population,SA2,Statistical Area Level 2,206061135,Armadale,A,Annual,2019,2019,10501,,
ERP,Estimated Resident Population,SA2,Statistical Area Level 2,206061136,Prahran - Windsor,A,Annual,2019,2019,22234,,
ERP,Estimated Resident Population,SA2,Statistical Area Level 2,206061137,South Yarra - East,A,Annual,2019,2019,25051,,
ERP,Estimated Resident Population,SA2,Statistical Area Level 2,206061138,Toorak,A,Annual,2019,2019,14271,,
ERP,Estimated Resident Population,SA3,Statistical Area Level 3,20607,Yarra,A,Annual,2019,2019,102253,,
ERP,Estimated Resident Population,SA2,Statistical Area Level 2,206071139,Abbotsford,A,Annual,2019,2019,10088,,
ERP,Estimated Resident Population,SA2,Statistical Area Level 2,206071140,Carlton North - Princes Hill,A,Annual,2019,2019,9207,,
ERP,Estimated Resident Population,SA2,Statistical Area Level 2,206071141,Collingwood,A,Annual,2019,2019,10984,,
ERP,Estimated Resident Population,SA2,Statistical Area Level 2,206071142,Fitzroy,A,Annual,2019,2019,11903,,
ERP,Estimated Resident Population,SA2,Statistical Area Level 2,206071143,Fitzroy North,A,Annual,2019,2019,13929,,
ERP,Estimated Resident Population,SA2,Statistical Area Level 2,206071144,Richmond (Vic.),A,Annual,2019,2019,35852,,
ERP,Estimated Resident Population,SA2,Statistical Area Level 2,206071145,Yarra - North,A,Annual,2019,2019,10290,,
ERP,Estimated Resident Population,SA4,Statistical Area Level 4,207,Melbourne - Inner East,A,Annual,2019,2019,397108,,
ERP,Estimated Resident Population,SA3,Statistical Area Level 3,20701,Boroondara,A,Annual,2019,2019,183172,,
ERP,Estimated Resident Population,SA2,Statistical Area Level 2,207011146,Ashburton (Vic.),A,Annual,2019,2019,8298,,
ERP,Estimated Resident Population,SA2,Statistical Area Level 2,207011147,Balwyn,A,Annual,2019,2019,17144,,
ERP,Estimated Resident Population,SA2,Statistical Area Level 2,207011148,Balwyn North,A,Annual,2019,2019,21823,,
ERP,Estimated Resident Population,SA2,Statistical Area Level 2,207011149,Camberwell,A,Annual,2019,2019,23164,,
ERP,Estimated Resident Population,SA2,Statistical Area Level 2,207011150,Glen Iris - East,A,Annual,2019,2019,17713,,
ERP,Estimated Resident Population,SA2,Statistical Area Level 2,207011151,Hawthorn,A,Annual,2019,2019,26161,,
ERP,Estimated Resident Population,SA2,Statistical Area Level 2,207011152,Hawthorn East,A,Annual,2019,2019,17244,,
ERP,Estimated Resident Population,SA2,Statistical Area Level 2,207011153,Kew,A,Annual,2019,2019,27190,,
ERP,Estimated Resident Population,SA2,Statistical Area Level 2,207011154,Kew East,A,Annual,2019,2019,6977,,
ERP,Estimated Resident Population,SA2,Statistical Area Level 2,207011155,Surrey Hills (West) - Canterbury,A,Annual,2019,2019,17458,,
ERP,Estimated Resident Population,SA3,Statistical Area Level 3,20702,Manningham - West,A,Annual,2019,2019,100093,,
ERP,Estimated Resident Population,SA2,Statistical Area Level 2,207021156,Bulleen,A,Annual,2019,2019,11832,,
ERP,Estimated Resident Population,SA2,Statistical Area Level 2,207021157,Doncaster,A,Annual,2019,2019,24465,,
ERP,Estimated Resident Population,SA2,Statistical Area Level 2,207021159,Templestowe,A,Annual,2019,2019,17765,,
ERP,Estimated Resident Population,SA2,Statistical Area Level 2,207021160,Templestowe Lower,A,Annual,2019,2019,14484,,
ERP,Estimated Resident Population,SA2,Statistical Area Level 2,207021424,Doncaster East (North),A,Annual,2019,2019,15749,,
ERP,Estimated Resident Population,SA2,Statistical Area Level 2,207021425,Doncaster East (South),A,Annual,2019,2019,15798,,
ERP,Estimated Resident Population,SA3,Statistical Area Level 3,20703,Whitehorse - West,A,Annual,2019,2019,113843,,
ERP,Estimated Resident Population,SA2,Statistical Area Level 2,207031161,Blackburn,A,Annual,2019,2019,23394,,
ERP,Estimated Resident Population,SA2,Statistical Area Level 2,207031162,Blackburn South,A,Annual,2019,2019,11498,,
ERP,Estimated Resident Population,SA2,Statistical Area Level 2,207031163,Box Hill,A,Annual,2019,2019,23320,,
ERP,Estimated Resident Population,SA2,Statistical Area Level 2,207031164,Box Hill North,A,Annual,2019,2019,19219,,
ERP,Estimated Resident Population,SA2,Statistical Area Level 2,207031165,Burwood,A,Annual,2019,2019,14652,,
ERP,Estimated Resident Population,SA2,Statistical Area Level 2,207031166,Burwood East,A,Annual,2019,2019,11086,,
ERP,Estimated Resident Population,SA2,Statistical Area Level 2,207031167,Surrey Hills (East) - Mont Albert,A,Annual,2019,2019,10674,,
ERP,Estimated Resident Population,SA4,Statistical Area Level 4,208,Melbourne - Inner South,A,Annual,2019,2019,445903,,
ERP,Estimated Resident Population,SA3,Statistical Area Level 3,20801,Bayside,A,Annual,2019,2019,106862,,
ERP,Estimated Resident Population,SA2,Statistical Area Level 2,208011168,Beaumaris,A,Annual,2019,2019,14772,,
ERP,Estimated Resident Population,SA2,Statistical Area Level 2,208011169,Brighton (Vic.),A,Annual,2019,2019,25125,,
ERP,Estimated Resident Population,SA2,Statistical Area Level 2,208011170,Brighton East,A,Annual,2019,2019,16955,,
ERP,Estimated Resident Population,SA2,Statistical Area Level 2,208011171,Cheltenham - Highett (West),A,Annual,2019,2019,12353,,
ERP,Estimated Resident Population,SA2,Statistical Area Level 2,208011172,Hampton,A,Annual,2019,2019,19344,,
ERP,Estimated Resident Population,SA2,Statistical Area Level 2,208011173,Sandringham - Black Rock,A,Annual,2019,2019,18313,,
ERP,Estimated Resident Population,SA3,Statistical Area Level 3,20802,Glen Eira,A,Annual,2019,2019,164929,,
ERP,Estimated Resident Population,SA2,Statistical Area Level 2,208021174,Bentleigh - McKinnon,A,Annual,2019,2019,25048,,
ERP,Estimated Resident Population,SA2,Statistical Area Level 2,208021176,Carnegie,A,Annual,2019,2019,20562,,
ERP,Estimated Resident Population,SA2,Statistical Area Level 2,208021177,Caulfield - North,A,Annual,2019,2019,23523,,
ERP,Estimated Resident Population,SA2,Statistical Area Level 2,208021178,Caulfield - South,A,Annual,2019,2019,18926,,
ERP,Estimated Resident Population,SA2,Statistical Area Level 2,208021179,Elsternwick,A,Annual,2019,2019,12671,,
ERP,Estimated Resident Population,SA2,Statistical Area Level 2,208021180,Hughesdale,A,Annual,2019,2019,8418,,
ERP,Estimated Resident Population,SA2,Statistical Area Level 2,208021181,Murrumbeena,A,Annual,2019,2019,10100,,
ERP,Estimated Resident Population,SA2,Statistical Area Level 2,208021182,Ormond - Glen Huntly,A,Annual,2019,2019,14727,,
ERP,Estimated Resident Population,SA2,Statistical Area Level 2,208021426,Bentleigh East (North),A,Annual,2019,2019,16532,,
ERP,Estimated Resident Population,SA2,Statistical Area Level 2,208021427,Bentleigh East (South),A,Annual,2019,2019,14422,,
ERP,Estimated Resident Population,SA3,Statistical Area Level 3,20803,Kingston,A,Annual,2019,2019,128401,,
ERP,Estimated Resident Population,SA2,Statistical Area Level 2,208031183,Aspendale Gardens - Waterways,A,Annual,2019,2019,9496,,
ERP,Estimated Resident Population,SA2,Statistical Area Level 2,208031184,Braeside,A,Annual,2019,2019,60,,
ERP,Estimated Resident Population,SA2,Statistical Area Level 2,208031185,Carrum - Patterson Lakes,A,Annual,2019,2019,12660,,
ERP,Estimated Resident Population,SA2,Statistical Area Level 2,208031186,Chelsea - Bonbeach,A,Annual,2019,2019,15600,,
ERP,Estimated Resident Population,SA2,Statistical Area Level 2,208031187,Chelsea Heights,A,Annual,2019,2019,5621,,
ERP,Estimated Resident Population,SA2,Statistical Area Level 2,208031188,Cheltenham - Highett (East),A,Annual,2019,2019,25050,,
ERP,Estimated Resident Population,SA2,Statistical Area Level 2,208031189,Edithvale - Aspendale,A,Annual,2019,2019,14025,,
ERP,Estimated Resident Population,SA2,Statistical Area Level 2,208031190,Mentone,A,Annual,2019,2019,14185,,
ERP,Estimated Resident Population,SA2,Statistical Area Level 2,208031191,Moorabbin - Heatherton,A,Annual,2019,2019,9747,,
ERP,Estimated Resident Population,SA2,Statistical Area Level 2,208031192,Moorabbin Airport,A,Annual,2019,2019,0,,
ERP,Estimated Resident Population,SA2,Statistical Area Level 2,208031193,Mordialloc - Parkdale,A,Annual,2019,2019,21957,,
ERP,Estimated Resident Population,SA3,Statistical Area Level 3,20804,Stonnington - East,A,Annual,2019,2019,45711,,
ERP,Estimated Resident Population,SA2,Statistical Area Level 2,208041194,Malvern - Glen Iris,A,Annual,2019,2019,21866,,
ERP,Estimated Resident Population,SA2,Statistical Area Level 2,208041195,Malvern East,A,Annual,2019,2019,23845,,
ERP,Estimated Resident Population,SA4,Statistical Area Level 4,209,Melbourne - North East,A,Annual,2019,2019,556655,,
ERP,Estimated Resident Population,SA3,Statistical Area Level 3,20901,Banyule,A,Annual,2019,2019,131700,,
ERP,Estimated Resident Population,SA2,Statistical Area Level 2,209011196,Bundoora - East,A,Annual,2019,2019,10553,,
ERP,Estimated Resident Population,SA2,Statistical Area Level 2,209011197,Greensborough,A,Annual,2019,2019,21667,,
ERP,Estimated Resident Population,SA2,Statistical Area Level 2,209011198,Heidelberg - Rosanna,A,Annual,2019,2019,16477,,
ERP,Estimated Resident Population,SA2,Statistical Area Level 2,209011199,Heidelberg West,A,Annual,2019,2019,15764,,
ERP,Estimated Resident Population,SA2,Statistical Area Level 2,209011200,Ivanhoe,A,Annual,2019,2019,12927,,
ERP,Estimated Resident Population,SA2,Statistical Area Level 2,209011201,Ivanhoe East - Eaglemont,A,Annual,2019,2019,8295,,
ERP,Estimated Resident Population,SA2,Statistical Area Level 2,209011202,Montmorency - Briar Hill,A,Annual,2019,2019,17078,,
ERP,Estimated Resident Population,SA2,Statistical Area Level 2,209011203,Viewbank - Yallambie,A,Annual,2019,2019,19242,,
ERP,Estimated Resident Population,SA2,Statistical Area Level 2,209011204,Watsonia,A,Annual,2019,2019,9697,,
ERP,Estimated Resident Population,SA3,Statistical Area Level 3,20902,Darebin - North,A,Annual,2019,2019,105882,,
ERP,Estimated Resident Population,SA2,Statistical Area Level 2,209021205,Kingsbury,A,Annual,2019,2019,13254,,
ERP,Estimated Resident Population,SA2,Statistical Area Level 2,209021207,Reservoir - East,A,Annual,2019,2019,30027,,
ERP,Estimated Resident Population,SA2,Statistical Area Level 2,209021208,Reservoir - West,A,Annual,2019,2019,26086,,
ERP,Estimated Resident Population,SA2,Statistical Area Level 2,209021428,Preston - East,A,Annual,2019,2019,22907,,
ERP,Estimated Resident Population,SA2,Statistical Area Level 2,209021429,Preston - West,A,Annual,2019,2019,13608,,
ERP,Estimated Resident Population,SA3,Statistical Area Level 3,20903,Nillumbik - Kinglake,A,Annual,2019,2019,69181,,
ERP,Estimated Resident Population,SA2,Statistical Area Level 2,209031209,Eltham,A,Annual,2019,2019,24282,,
ERP,Estimated Resident Population,SA2,Statistical Area Level 2,209031210,Hurstbridge,A,Annual,2019,2019,3624,,
ERP,Estimated Resident Population,SA2,Statistical Area Level 2,209031211,Kinglake,A,Annual,2019,2019,4156,,
ERP,Estimated Resident Population,SA2,Statistical Area Level 2,209031212,Panton Hill - St Andrews,A,Annual,2019,2019,5490,,
ERP,Estimated Resident Population,SA2,Statistical Area Level 2,209031213,Plenty - Yarrambat,A,Annual,2019,2019,9985,,
ERP,Estimated Resident Population,SA2,Statistical Area Level 2,209031214,Research - North Warrandyte,A,Annual,2019,2019,7055,,
ERP,Estimated Resident Population,SA2,Statistical Area Level 2,209031215,Wattle Glen - Diamond Creek,A,Annual,2019,2019,14589,,
ERP,Estimated Resident Population,SA3,Statistical Area Level 3,20904,Whittlesea - Wallan,A,Annual,2019,2019,249892,,
ERP,Estimated Resident Population,SA2,Statistical Area Level 2,209041216,Bundoora - North,A,Annual,2019,2019,8610,,
ERP,Estimated Resident Population,SA2,Statistical Area Level 2,209041217,Bundoora - West,A,Annual,2019,2019,6708,,
ERP,Estimated Resident Population,SA2,Statistical Area Level 2,209041219,Lalor,A,Annual,2019,2019,25073,,
ERP,Estimated Resident Population,SA2,Statistical Area Level 2,209041220,Mill Park - North,A,Annual,2019,2019,18708,,
ERP,Estimated Resident Population,SA2,Statistical Area Level 2,209041221,Mill Park - South,A,Annual,2019,2019,12404,,
ERP,Estimated Resident Population,SA2,Statistical Area Level 2,209041223,Thomastown,A,Annual,2019,2019,21603,,
ERP,Estimated Resident Population,SA2,Statistical Area Level 2,209041224,Wallan,A,Annual,2019,2019,19654,,
ERP,Estimated Resident Population,SA2,Statistical Area Level 2,209041225,Whittlesea,A,Annual,2019,2019,8911,,
ERP,Estimated Resident Population,SA2,Statistical Area Level 2,209041430,Doreen,A,Annual,2019,2019,26712,,
ERP,Estimated Resident Population,SA2,Statistical Area Level 2,209041431,Epping - East,A,Annual,2019,2019,14051,,
ERP,Estimated Resident Population,SA2,Statistical Area Level 2,209041432,Epping - South,A,Annual,2019,2019,8767,,
ERP,Estimated Resident Population,SA2,Statistical Area Level 2,209041433,Epping - West,A,Annual,2019,2019,13105,,
ERP,Estimated Resident Population,SA2,Statistical Area Level 2,209041434,Mernda,A,Annual,2019,2019,23359,,
ERP,Estimated Resident Population,SA2,Statistical Area Level 2,209041435,South Morang (North),A,Annual,2019,2019,13438,,
ERP,Estimated Resident Population,SA2,Statistical Area Level 2,209041436,South Morang (South),A,Annual,2019,2019,12716,,
ERP,Estimated Resident Population,SA2,Statistical Area Level 2,209041437,Wollert,A,Annual,2019,2019,16073,,
ERP,Estimated Resident Population,SA4,Statistical Area Level 4,210,Melbourne - North West,A,Annual,2019,2019,419348,,
ERP,Estimated Resident Population,SA3,Statistical Area Level 3,21001,Keilor,A,Annual,2019,2019,64567,,
ERP,Estimated Resident Population,SA2,Statistical Area Level 2,210011226,Airport West,A,Annual,2019,2019,8559,,
ERP,Estimated Resident Population,SA2,Statistical Area Level 2,210011227,Essendon Airport,A,Annual,2019,2019,0,,
ERP,Estimated Resident Population,SA2,Statistical Area Level 2,210011228,Keilor,A,Annual,2019,2019,9113,,
ERP,Estimated Resident Population,SA2,Statistical Area Level 2,210011229,Keilor East,A,Annual,2019,2019,28673,,
ERP,Estimated Resident Population,SA2,Statistical Area Level 2,210011230,Niddrie - Essendon West,A,Annual,2019,2019,7748,,
ERP,Estimated Resident Population,SA2,Statistical Area Level 2,210011231,Strathmore,A,Annual,2019,2019,10474,,
ERP,Estimated Resident Population,SA3,Statistical Area Level 3,21002,Macedon Ranges,A,Annual,2019,2019,32429,,
ERP,Estimated Resident Population,SA2,Statistical Area Level 2,210021232,Gisborne,A,Annual,2019,2019,14211,,
ERP,Estimated Resident Population,SA2,Statistical Area Level 2,210021233,Macedon,A,Annual,2019,2019,3611,,
ERP,Estimated Resident Population,SA2,Statistical Area Level 2,210021234,Riddells Creek,A,Annual,2019,2019,4319,,
ERP,Estimated Resident Population,SA2,Statistical Area Level 2,210021235,Romsey,A,Annual,2019,2019,10288,,
ERP,Estimated Resident Population,SA3,Statistical Area Level 3,21003,Moreland - North,A,Annual,2019,2019,85383,,
ERP,Estimated Resident Population,SA2,Statistical Area Level 2,210031236,Coburg North,A,Annual,2019,2019,8866,,
ERP,Estimated Resident Population,SA2,Statistical Area Level 2,210031237,Fawkner,A,Annual,2019,2019,15280,,
ERP,Estimated Resident Population,SA2,Statistical Area Level 2,210031239,Pascoe Vale,A,Annual,2019,2019,26957,,
ERP,Estimated Resident Population,SA2,Statistical Area Level 2,210031438,Glenroy,A,Annual,2019,2019,24986,,
ERP,Estimated Resident Population,SA2,Statistical Area Level 2,210031439,Gowanbrae,A,Annual,2019,2019,3129,,
ERP,Estimated Resident Population,SA2,Statistical Area Level 2,210031440,Hadfield,A,Annual,2019,2019,6165,,
ERP,Estimated Resident Population,SA3,Statistical Area Level 3,21004,Sunbury,A,Annual,2019,2019,44193,,
ERP,Estimated Resident Population,SA2,Statistical Area Level 2,210041240,Sunbury,A,Annual,2019,2019,13558,,
ERP,Estimated Resident Population,SA2,Statistical Area Level 2,210041241,Sunbury - South,A,Annual,2019,2019,30635,,
ERP,Estimated Resident Population,SA3,Statistical Area Level 3,21005,Tullamarine - Broadmeadows,A,Annual,2019,2019,192776,,
ERP,Estimated Resident Population,SA2,Statistical Area Level 2,210051242,Broadmeadows,A,Annual,2019,2019,14574,,
ERP,Estimated Resident Population,SA2,Statistical Area Level 2,210051243,Campbellfield - Coolaroo,A,Annual,2019,2019,17205,,
ERP,Estimated Resident Population,SA2,Statistical Area Level 2,210051245,Gladstone Park - Westmeadows,A,Annual,2019,2019,18732,,
ERP,Estimated Resident Population,SA2,Statistical Area Level 2,210051246,Greenvale - Bulla,A,Annual,2019,2019,20176,,
ERP,Estimated Resident Population,SA2,Statistical Area Level 2,210051247,Meadow Heights,A,Annual,2019,2019,15770,,
ERP,Estimated Resident Population,SA2,Statistical Area Level 2,210051248,Melbourne Airport,A,Annual,2019,2019,194,,
ERP,Estimated Resident Population,SA2,Statistical Area Level 2,210051249,Roxburgh Park - Somerton,A,Annual,2019,2019,25060,,
ERP,Estimated Resident Population,SA2,Statistical Area Level 2,210051250,Tullamarine,A,Annual,2019,2019,6842,,
ERP,Estimated Resident Population,SA2,Statistical Area Level 2,210051441,Craigieburn - Central,A,Annual,2019,2019,8840,,
ERP,Estimated Resident Population,SA2,Statistical Area Level 2,210051442,Craigieburn - North,A,Annual,2019,2019,13337,,
ERP,Estimated Resident Population,SA2,Statistical Area Level 2,210051443,Craigieburn - South,A,Annual,2019,2019,20617,,
ERP,Estimated Resident Population,SA2,Statistical Area Level 2,210051444,Craigieburn - West,A,Annual,2019,2019,20202,,
ERP,Estimated Resident Population,SA2,Statistical Area Level 2,210051445,Mickleham - Yuroke,A,Annual,2019,2019,11227,,
ERP,Estimated Resident Population,SA4,Statistical Area Level 4,211,Melbourne - Outer East,A,Annual,2019,2019,534485,,
ERP,Estimated Resident Population,SA3,Statistical Area Level 3,21101,Knox,A,Annual,2019,2019,164510,,
ERP,Estimated Resident Population,SA2,Statistical Area Level 2,211011251,Bayswater,A,Annual,2019,2019,13071,,
ERP,Estimated Resident Population,SA2,Statistical Area Level 2,211011254,Knoxfield - Scoresby,A,Annual,2019,2019,17194,,
ERP,Estimated Resident Population,SA2,Statistical Area Level 2,211011255,Lysterfield,A,Annual,2019,2019,7023,,
ERP,Estimated Resident Population,SA2,Statistical Area Level 2,211011256,Rowville - Central,A,Annual,2019,2019,15920,,
ERP,Estimated Resident Population,SA2,Statistical Area Level 2,211011257,Rowville - North,A,Annual,2019,2019,8372,,
ERP,Estimated Resident Population,SA2,Statistical Area Level 2,211011258,Rowville - South,A,Annual,2019,2019,10966,,
ERP,Estimated Resident Population,SA2,Statistical Area Level 2,211011259,Wantirna,A,Annual,2019,2019,14643,,
ERP,Estimated Resident Population,SA2,Statistical Area Level 2,211011260,Wantirna South,A,Annual,2019,2019,18995,,
ERP,Estimated Resident Population,SA2,Statistical Area Level 2,211011446,Boronia,A,Annual,2019,2019,23734,,
ERP,Estimated Resident Population,SA2,Statistical Area Level 2,211011447,Ferntree Gully (North),A,Annual,2019,2019,14642,,
ERP,Estimated Resident Population,SA2,Statistical Area Level 2,211011448,Ferntree Gully (South) - Upper Ferntree Gully,A,Annual,2019,2019,15478,,
ERP,Estimated Resident Population,SA2,Statistical Area Level 2,211011449,The Basin,A,Annual,2019,2019,4472,,
ERP,Estimated Resident Population,SA3,Statistical Area Level 3,21102,Manningham - East,A,Annual,2019,2019,27552,,
ERP,Estimated Resident Population,SA2,Statistical Area Level 2,211021261,Donvale - Park Orchards,A,Annual,2019,2019,16895,,
ERP,Estimated Resident Population,SA2,Statistical Area Level 2,211021262,Warrandyte - Wonga Park,A,Annual,2019,2019,10657,,
ERP,Estimated Resident Population,SA3,Statistical Area Level 3,21103,Maroondah,A,Annual,2019,2019,118204,,
ERP,Estimated Resident Population,SA2,Statistical Area Level 2,211031263,Bayswater North,A,Annual,2019,2019,12517,,
ERP,Estimated Resident Population,SA2,Statistical Area Level 2,211031265,Croydon Hills - Warranwood,A,Annual,2019,2019,18847,,
ERP,Estimated Resident Population,SA2,Statistical Area Level 2,211031266,Ringwood,A,Annual,2019,2019,18861,,
ERP,Estimated Resident Population,SA2,Statistical Area Level 2,211031267,Ringwood East,A,Annual,2019,2019,21744,,
ERP,Estimated Resident Population,SA2,Statistical Area Level 2,211031268,Ringwood North,A,Annual,2019,2019,10076,,
ERP,Estimated Resident Population,SA2,Statistical Area Level 2,211031450,Croydon - East,A,Annual,2019,2019,16543,,
ERP,Estimated Resident Population,SA2,Statistical Area Level 2,211031451,Croydon - West,A,Annual,2019,2019,14666,,
ERP,Estimated Resident Population,SA2,Statistical Area Level 2,211031452,Croydon South,A,Annual,2019,2019,4950,,
ERP,Estimated Resident Population,SA3,Statistical Area Level 3,21104,Whitehorse - East,A,Annual,2019,2019,65626,,
ERP,Estimated Resident Population,SA2,Statistical Area Level 2,211041269,Forest Hill,A,Annual,2019,2019,11476,,
ERP,Estimated Resident Population,SA2,Statistical Area Level 2,211041270,Mitcham (Vic.),A,Annual,2019,2019,17527,,
ERP,Estimated Resident Population,SA2,Statistical Area Level 2,211041271,Nunawading,A,Annual,2019,2019,12925,,
ERP,Estimated Resident Population,SA2,Statistical Area Level 2,211041272,Vermont,A,Annual,2019,2019,11310,,
ERP,Estimated Resident Population,SA2,Statistical Area Level 2,211041273,Vermont South,A,Annual,2019,2019,12388,,
ERP,Estimated Resident Population,SA3,Statistical Area Level 3,21105,Yarra Ranges,A,Annual,2019,2019,158593,,
ERP,Estimated Resident Population,SA2,Statistical Area Level 2,211051274,Belgrave - Selby,A,Annual,2019,2019,10414,,
ERP,Estimated Resident Population,SA2,Statistical Area Level 2,211051275,Chirnside Park,A,Annual,2019,2019,11383,,
ERP,Estimated Resident Population,SA2,Statistical Area Level 2,211051276,Healesville - Yarra Glen,A,Annual,2019,2019,14638,,
ERP,Estimated Resident Population,SA2,Statistical Area Level 2,211051277,Kilsyth,A,Annual,2019,2019,9833,,
ERP,Estimated Resident Population,SA2,Statistical Area Level 2,211051278,Lilydale - Coldstream,A,Annual,2019,2019,19860,,
ERP,Estimated Resident Population,SA2,Statistical Area Level 2,211051279,Monbulk - Silvan,A,Annual,2019,2019,5849,,
ERP,Estimated Resident Population,SA2,Statistical Area Level 2,211051280,Montrose,A,Annual,2019,2019,7138,,
ERP,Estimated Resident Population,SA2,Statistical Area Level 2,211051281,Mooroolbark,A,Annual,2019,2019,24057,,
ERP,Estimated Resident Population,SA2,Statistical Area Level 2,211051282,Mount Dandenong - Olinda,A,Annual,2019,2019,10197,,
ERP,Estimated Resident Population,SA2,Statistical Area Level 2,211051283,Mount Evelyn,A,Annual,2019,2019,10298,,
ERP,Estimated Resident Population,SA2,Statistical Area Level 2,211051284,Upwey - Tecoma,A,Annual,2019,2019,10023,,
ERP,Estimated Resident Population,SA2,Statistical Area Level 2,211051285,Wandin - Seville,A,Annual,2019,2019,8067,,
ERP,Estimated Resident Population,SA2,Statistical Area Level 2,211051286,Yarra Valley,A,Annual,2019,2019,16836,,
ERP,Estimated Resident Population,SA4,Statistical Area Level 4,212,Melbourne - South East,A,Annual,2019,2019,866324,,
ERP,Estimated Resident Population,SA3,Statistical Area Level 3,21201,Cardinia,A,Annual,2019,2019,112441,,
ERP,Estimated Resident Population,SA2,Statistical Area Level 2,212011287,Beaconsfield - Officer,A,Annual,2019,2019,19859,,
ERP,Estimated Resident Population,SA2,Statistical Area Level 2,212011288,Bunyip - Garfield,A,Annual,2019,2019,9346,,
ERP,Estimated Resident Population,SA2,Statistical Area Level 2,212011289,Emerald - Cockatoo,A,Annual,2019,2019,18905,,
ERP,Estimated Resident Population,SA2,Statistical Area Level 2,212011290,Koo Wee Rup,A,Annual,2019,2019,8566,,
ERP,Estimated Resident Population,SA2,Statistical Area Level 2,212011291,Pakenham - North,A,Annual,2019,2019,22657,,
ERP,Estimated Resident Population,SA2,Statistical Area Level 2,212011292,Pakenham - South,A,Annual,2019,2019,33108,,
ERP,Estimated Resident Population,SA3,Statistical Area Level 3,21202,Casey - North,A,Annual,2019,2019,141691,,
ERP,Estimated Resident Population,SA2,Statistical Area Level 2,212021293,Berwick - North,A,Annual,2019,2019,24176,,
ERP,Estimated Resident Population,SA2,Statistical Area Level 2,212021294,Berwick - South,A,Annual,2019,2019,29079,,
ERP,Estimated Resident Population,SA2,Statistical Area Level 2,212021295,Doveton,A,Annual,2019,2019,12274,,
ERP,Estimated Resident Population,SA2,Statistical Area Level 2,212021297,Hallam,A,Annual,2019,2019,11768,,
ERP,Estimated Resident Population,SA2,Statistical Area Level 2,212021299,Narre Warren North,A,Annual,2019,2019,8646,,
ERP,Estimated Resident Population,SA2,Statistical Area Level 2,212021453,Endeavour Hills - North,A,Annual,2019,2019,12500,,
ERP,Estimated Resident Population,SA2,Statistical Area Level 2,212021454,Endeavour Hills - South,A,Annual,2019,2019,14044,,
ERP,Estimated Resident Population,SA2,Statistical Area Level 2,212021455,Narre Warren - North East,A,Annual,2019,2019,14195,,
ERP,Estimated Resident Population,SA2,Statistical Area Level 2,212021456,Narre Warren - South West,A,Annual,2019,2019,15009,,
ERP,Estimated Resident Population,SA3,Statistical Area Level 3,21203,Casey - South,A,Annual,2019,2019,212181,,
ERP,Estimated Resident Population,SA2,Statistical Area Level 2,212031300,Cranbourne,A,Annual,2019,2019,21309,,
ERP,Estimated Resident Population,SA2,Statistical Area Level 2,212031301,Cranbourne East,A,Annual,2019,2019,49199,,
ERP,Estimated Resident Population,SA2,Statistical Area Level 2,212031302,Cranbourne North,A,Annual,2019,2019,24904,,
ERP,Estimated Resident Population,SA2,Statistical Area Level 2,212031303,Cranbourne South,A,Annual,2019,2019,11972,,
ERP,Estimated Resident Population,SA2,Statistical Area Level 2,212031304,Cranbourne West,A,Annual,2019,2019,19755,,
ERP,Estimated Resident Population,SA2,Statistical Area Level 2,212031305,Hampton Park - Lynbrook,A,Annual,2019,2019,27656,,
ERP,Estimated Resident Population,SA2,Statistical Area Level 2,212031306,Lynbrook - Lyndhurst,A,Annual,2019,2019,17486,,
ERP,Estimated Resident Population,SA2,Statistical Area Level 2,212031308,Pearcedale - Tooradin,A,Annual,2019,2019,8176,,
ERP,Estimated Resident Population,SA2,Statistical Area Level 2,212031457,Narre Warren South (East),A,Annual,2019,2019,13864,,
ERP,Estimated Resident Population,SA2,Statistical Area Level 2,212031458,Narre Warren South (West),A,Annual,2019,2019,17860,,
ERP,Estimated Resident Population,SA3,Statistical Area Level 3,21204,Dandenong,A,Annual,2019,2019,205582,,
ERP,Estimated Resident Population,SA2,Statistical Area Level 2,212041309,Clarinda - Oakleigh South,A,Annual,2019,2019,12340,,
ERP,Estimated Resident Population,SA2,Statistical Area Level 2,212041310,Clayton South,A,Annual,2019,2019,14288,,
ERP,Estimated Resident Population,SA2,Statistical Area Level 2,212041311,Dandenong,A,Annual,2019,2019,34295,,
ERP,Estimated Resident Population,SA2,Statistical Area Level 2,212041312,Dandenong North,A,Annual,2019,2019,23960,,
ERP,Estimated Resident Population,SA2,Statistical Area Level 2,212041313,Dingley Village,A,Annual,2019,2019,10753,,
ERP,Estimated Resident Population,SA2,Statistical Area Level 2,212041314,Keysborough,A,Annual,2019,2019,30889,,
ERP,Estimated Resident Population,SA2,Statistical Area Level 2,212041316,Noble Park North,A,Annual,2019,2019,7936,,
ERP,Estimated Resident Population,SA2,Statistical Area Level 2,212041317,Springvale,A,Annual,2019,2019,23915,,
ERP,Estimated Resident Population,SA2,Statistical Area Level 2,212041318,Springvale South,A,Annual,2019,2019,13408,,
ERP,Estimated Resident Population,SA2,Statistical Area Level 2,212041459,Noble Park - East,A,Annual,2019,2019,13620,,
ERP,Estimated Resident Population,SA2,Statistical Area Level 2,212041460,Noble Park - West,A,Annual,2019,2019,20178,,
ERP,Estimated Resident Population,SA3,Statistical Area Level 3,21205,Monash,A,Annual,2019,2019,194429,,
ERP,Estimated Resident Population,SA2,Statistical Area Level 2,212051319,Ashwood - Chadstone,A,Annual,2019,2019,20606,,
ERP,Estimated Resident Population,SA2,Statistical Area Level 2,212051320,Clayton,A,Annual,2019,2019,27555,,
ERP,Estimated Resident Population,SA2,Statistical Area Level 2,212051321,Glen Waverley - East,A,Annual,2019,2019,22472,,
ERP,Estimated Resident Population,SA2,Statistical Area Level 2,212051322,Glen Waverley - West,A,Annual,2019,2019,20964,,
ERP,Estimated Resident Population,SA2,Statistical Area Level 2,212051323,Mount Waverley - North,A,Annual,2019,2019,16452,,
ERP,Estimated Resident Population,SA2,Statistical Area Level 2,212051324,Mount Waverley - South,A,Annual,2019,2019,20239,,
ERP,Estimated Resident Population,SA2,Statistical Area Level 2,212051325,Mulgrave,A,Annual,2019,2019,21035,,
ERP,Estimated Resident Population,SA2,Statistical Area Level 2,212051326,Oakleigh - Huntingdale,A,Annual,2019,2019,24068,,
ERP,Estimated Resident Population,SA2,Statistical Area Level 2,212051327,Wheelers Hill,A,Annual,2019,2019,21038,,
ERP,Estimated Resident Population,SA4,Statistical Area Level 4,213,Melbourne - West,A,Annual,2019,2019,846457,,
ERP,Estimated Resident Population,SA3,Statistical Area Level 3,21301,Brimbank,A,Annual,2019,2019,200346,,
ERP,Estimated Resident Population,SA2,Statistical Area Level 2,213011328,Ardeer - Albion,A,Annual,2019,2019,8530,,
ERP,Estimated Resident Population,SA2,Statistical Area Level 2,213011329,Cairnlea,A,Annual,2019,2019,10643,,
ERP,Estimated Resident Population,SA2,Statistical Area Level 2,213011330,Deer Park - Derrimut,A,Annual,2019,2019,28920,,
ERP,Estimated Resident Population,SA2,Statistical Area Level 2,213011331,Delahey,A,Annual,2019,2019,8816,,
ERP,Estimated Resident Population,SA2,Statistical Area Level 2,213011332,Keilor Downs,A,Annual,2019,2019,13834,,
ERP,Estimated Resident Population,SA2,Statistical Area Level 2,213011333,Kings Park (Vic.),A,Annual,2019,2019,14691,,
ERP,Estimated Resident Population,SA2,Statistical Area Level 2,213011334,St Albans - North,A,Annual,2019,2019,21795,,
ERP,Estimated Resident Population,SA2,Statistical Area Level 2,213011335,St Albans - South,A,Annual,2019,2019,18554,,
ERP,Estimated Resident Population,SA2,Statistical Area Level 2,213011336,Sunshine,A,Annual,2019,2019,10641,,
ERP,Estimated Resident Population,SA2,Statistical Area Level 2,213011337,Sunshine North,A,Annual,2019,2019,12533,,
ERP,Estimated Resident Population,SA2,Statistical Area Level 2,213011338,Sunshine West,A,Annual,2019,2019,20267,,
ERP,Estimated Resident Population,SA2,Statistical Area Level 2,213011339,Sydenham,A,Annual,2019,2019,12799,,
ERP,Estimated Resident Population,SA2,Statistical Area Level 2,213011340,Taylors Lakes,A,Annual,2019,2019,18323,,
ERP,Estimated Resident Population,SA3,Statistical Area Level 3,21302,Hobsons Bay,A,Annual,2019,2019,92256,,
ERP,Estimated Resident Population,SA2,Statistical Area Level 2,213021341,Altona,A,Annual,2019,2019,14002,,
ERP,Estimated Resident Population,SA2,Statistical Area Level 2,213021342,Altona Meadows,A,Annual,2019,2019,20454,,
ERP,Estimated Resident Population,SA2,Statistical Area Level 2,213021343,Altona North,A,Annual,2019,2019,15425,,
ERP,Estimated Resident Population,SA2,Statistical Area Level 2,213021344,Newport,A,Annual,2019,2019,19563,,
ERP,Estimated Resident Population,SA2,Statistical Area Level 2,213021345,Seabrook,A,Annual,2019,2019,5542,,
ERP,Estimated Resident Population,SA2,Statistical Area Level 2,213021346,Williamstown,A,Annual,2019,2019,17270,,
ERP,Estimated Resident Population,SA3,Statistical Area Level 3,21303,Maribyrnong,A,Annual,2019,2019,93448,,
ERP,Estimated Resident Population,SA2,Statistical Area Level 2,213031347,Braybrook,A,Annual,2019,2019,20514,,
ERP,Estimated Resident Population,SA2,Statistical Area Level 2,213031348,Footscray,A,Annual,2019,2019,19148,,
ERP,Estimated Resident Population,SA2,Statistical Area Level 2,213031349,Maribyrnong,A,Annual,2019,2019,14115,,
ERP,Estimated Resident Population,SA2,Statistical Area Level 2,213031350,Seddon - Kingsville,A,Annual,2019,2019,10121,,
ERP,Estimated Resident Population,SA2,Statistical Area Level 2,213031351,West Footscray - Tottenham,A,Annual,2019,2019,12929,,
ERP,Estimated Resident Population,SA2,Statistical Area Level 2,213031352,Yarraville,A,Annual,2019,2019,16621,,
ERP,Estimated Resident Population,SA3,Statistical Area Level 3,21304,Melton - Bacchus Marsh,A,Annual,2019,2019,184425,,
ERP,Estimated Resident Population,SA2,Statistical Area Level 2,213041353,Bacchus Marsh,A,Annual,2019,2019,22964,,
ERP,Estimated Resident Population,SA2,Statistical Area Level 2,213041355,Hillside,A,Annual,2019,2019,25220,,
ERP,Estimated Resident Population,SA2,Statistical Area Level 2,213041356,Melton,A,Annual,2019,2019,20596,,
ERP,Estimated Resident Population,SA2,Statistical Area Level 2,213041357,Melton South,A,Annual,2019,2019,30689,,
ERP,Estimated Resident Population,SA2,Statistical Area Level 2,213041358,Melton West,A,Annual,2019,2019,20892,,
ERP,Estimated Resident Population,SA2,Statistical Area Level 2,213041359,Rockbank - Mount Cottrell,A,Annual,2019,2019,8815,,
ERP,Estimated Resident Population,SA2,Statistical Area Level 2,213041360,Taylors Hill,A,Annual,2019,2019,21219,,
ERP,Estimated Resident Population,SA2,Statistical Area Level 2,213041461,Burnside,A,Annual,2019,2019,5396,,
ERP,Estimated Resident Population,SA2,Statistical Area Level 2,213041462,Burnside Heights,A,Annual,2019,2019,6785,,
ERP,Estimated Resident Population,SA2,Statistical Area Level 2,213041463,Caroline Springs,A,Annual,2019,2019,21849,,
ERP,Estimated Resident Population,SA3,Statistical Area Level 3,21305,Wyndham,A,Annual,2019,2019,275982,,
ERP,Estimated Resident Population,SA2,Statistical Area Level 2,213051361,Hoppers Crossing - North,A,Annual,2019,2019,20279,,
ERP,Estimated Resident Population,SA2,Statistical Area Level 2,213051362,Hoppers Crossing - South,A,Annual,2019,2019,20664,,
ERP,Estimated Resident Population,SA2,Statistical Area Level 2,213051363,Laverton,A,Annual,2019,2019,11577,,
ERP,Estimated Resident Population,SA2,Statistical Area Level 2,213051365,Tarneit,A,Annual,2019,2019,46707,,
ERP,Estimated Resident Population,SA2,Statistical Area Level 2,213051366,Truganina,A,Annual,2019,2019,33144,,
ERP,Estimated Resident Population,SA2,Statistical Area Level 2,213051368,Werribee - South,A,Annual,2019,2019,14162,,
ERP,Estimated Resident Population,SA2,Statistical Area Level 2,213051369,Wyndham Vale,A,Annual,2019,2019,29215,,
ERP,Estimated Resident Population,SA2,Statistical Area Level 2,213051464,Point Cook - East,A,Annual,2019,2019,17886,,
ERP,Estimated Resident Population,SA2,Statistical Area Level 2,213051465,Point Cook - North,A,Annual,2019,2019,25541,,
ERP,Estimated Resident Population,SA2,Statistical Area Level 2,213051466,Point Cook - South,A,Annual,2019,2019,19473,,
ERP,Estimated Resident Population,SA2,Statistical Area Level 2,213051467,Werribee - East,A,Annual,2019,2019,21064,,
ERP,Estimated Resident Population,SA2,Statistical Area Level 2,213051468,Werribee - West,A,Annual,2019,2019,16270,,
ERP,Estimated Resident Population,SA4,Statistical Area Level 4,214,Mornington Peninsula,A,Annual,2019,2019,310279,,
ERP,Estimated Resident Population,SA3,Statistical Area Level 3,21401,Frankston,A,Annual,2019,2019,142643,,
ERP,Estimated Resident Population,SA2,Statistical Area Level 2,214011370,Carrum Downs,A,Annual,2019,2019,22264,,
ERP,Estimated Resident Population,SA2,Statistical Area Level 2,214011371,Frankston,A,Annual,2019,2019,24104,,
ERP,Estimated Resident Population,SA2,Statistical Area Level 2,214011372,Frankston North,A,Annual,2019,2019,19940,,
ERP,Estimated Resident Population,SA2,Statistical Area Level 2,214011373,Frankston South,A,Annual,2019,2019,19305,,
ERP,Estimated Resident Population,SA2,Statistical Area Level 2,214011374,Langwarrin,A,Annual,2019,2019,25293,,
ERP,Estimated Resident Population,SA2,Statistical Area Level 2,214011375,Seaford (Vic.),A,Annual,2019,2019,17490,,
ERP,Estimated Resident Population,SA2,Statistical Area Level 2,214011376,Skye - Sandhurst,A,Annual,2019,2019,14247,,
ERP,Estimated Resident Population,SA3,Statistical Area Level 3,21402,Mornington Peninsula,A,Annual,2019,2019,167636,,
ERP,Estimated Resident Population,SA2,Statistical Area Level 2,214021377,Dromana,A,Annual,2019,2019,12566,,
ERP,Estimated Resident Population,SA2,Statistical Area Level 2,214021378,Flinders,A,Annual,2019,2019,5646,,
ERP,Estimated Resident Population,SA2,Statistical Area Level 2,214021379,Hastings - Somers,A,Annual,2019,2019,23654,,
ERP,Estimated Resident Population,SA2,Statistical Area Level 2,214021380,Mornington,A,Annual,2019,2019,26211,,
ERP,Estimated Resident Population,SA2,Statistical Area Level 2,214021381,Mount Eliza,A,Annual,2019,2019,19140,,
ERP,Estimated Resident Population,SA2,Statistical Area Level 2,214021382,Mount Martha,A,Annual,2019,2019,20022,,
ERP,Estimated Resident Population,SA2,Statistical Area Level 2,214021383,Point Nepean,A,Annual,2019,2019,18709,,
ERP,Estimated Resident Population,SA2,Statistical Area Level 2,214021384,Rosebud - McCrae,A,Annual,2019,2019,22286,,
ERP,Estimated Resident Population,SA2,Statistical Area Level 2,214021385,Somerville,A,Annual,2019,2019,19402,,
ERP,Estimated Resident Population,SA4,Statistical Area Level 4,201,Ballarat,A,Annual,2019,2019,167552,,
ERP,Estimated Resident Population,SA3,Statistical Area Level 3,20101,Ballarat,A,Annual,2019,2019,111732,,
ERP,Estimated Resident Population,SA2,Statistical Area Level 2,201011001,Alfredton,A,Annual,2019,2019,14069,,
ERP,Estimated Resident Population,SA2,Statistical Area Level 2,201011002,Ballarat,A,Annual,2019,2019,12225,,
ERP,Estimated Resident Population,SA2,Statistical Area Level 2,201011003,Ballarat - North,A,Annual,2019,2019,24457,,
ERP,Estimated Resident Population,SA2,Statistical Area Level 2,201011004,Ballarat - South,A,Annual,2019,2019,25594,,
ERP,Estimated Resident Population,SA2,Statistical Area Level 2,201011005,Buninyong,A,Annual,2019,2019,7712,,
ERP,Estimated Resident Population,SA2,Statistical Area Level 2,201011006,Delacombe,A,Annual,2019,2019,8494,,
ERP,Estimated Resident Population,SA2,Statistical Area Level 2,201011007,Smythes Creek,A,Annual,2019,2019,4080,,
ERP,Estimated Resident Population,SA2,Statistical Area Level 2,201011008,Wendouree - Miners Rest,A,Annual,2019,2019,15101,,
ERP,Estimated Resident Population,SA3,Statistical Area Level 3,20102,Creswick - Daylesford - Ballan,A,Annual,2019,2019,29625,,
ERP,Estimated Resident Population,SA2,Statistical Area Level 2,201021009,Bacchus Marsh Region,A,Annual,2019,2019,6212,,
ERP,Estimated Resident Population,SA2,Statistical Area Level 2,201021010,Creswick - Clunes,A,Annual,2019,2019,8088,,
ERP,Estimated Resident Population,SA2,Statistical Area Level 2,201021011,Daylesford,A,Annual,2019,2019,9326,,
ERP,Estimated Resident Population,SA2,Statistical Area Level 2,201021012,Gordon (Vic.),A,Annual,2019,2019,5999,,
ERP,Estimated Resident Population,SA3,Statistical Area Level 3,20103,Maryborough - Pyrenees,A,Annual,2019,2019,26195,,
ERP,Estimated Resident Population,SA2,Statistical Area Level 2,201031013,Avoca,A,Annual,2019,2019,3364,,
ERP,Estimated Resident Population,SA2,Statistical Area Level 2,201031014,Beaufort,A,Annual,2019,2019,4548,,
ERP,Estimated Resident Population,SA2,Statistical Area Level 2,201031015,Golden Plains - North,A,Annual,2019,2019,4862,,
ERP,Estimated Resident Population,SA2,Statistical Area Level 2,201031016,Maryborough (Vic.),A,Annual,2019,2019,8066,,
ERP,Estimated Resident Population,SA2,Statistical Area Level 2,201031017,Maryborough Region,A,Annual,2019,2019,5355,,
ERP,Estimated Resident Population,SA4,Statistical Area Level 4,202,Bendigo,A,Annual,2019,2019,162918,,
ERP,Estimated Resident Population,SA3,Statistical Area Level 3,20201,Bendigo,A,Annual,2019,2019,100991,,
ERP,Estimated Resident Population,SA2,Statistical Area Level 2,202011018,Bendigo,A,Annual,2019,2019,14779,,
ERP,Estimated Resident Population,SA2,Statistical Area Level 2,202011019,California Gully - Eaglehawk,A,Annual,2019,2019,12978,,
ERP,Estimated Resident Population,SA2,Statistical Area Level 2,202011020,East Bendigo - Kennington,A,Annual,2019,2019,13828,,
ERP,Estimated Resident Population,SA2,Statistical Area Level 2,202011021,Flora Hill - Spring Gully,A,Annual,2019,2019,9692,,
ERP,Estimated Resident Population,SA2,Statistical Area Level 2,202011022,Kangaroo Flat - Golden Square,A,Annual,2019,2019,20563,,
ERP,Estimated Resident Population,SA2,Statistical Area Level 2,202011023,Maiden Gully,A,Annual,2019,2019,5457,,
ERP,Estimated Resident Population,SA2,Statistical Area Level 2,202011024,Strathfieldsaye,A,Annual,2019,2019,9905,,
ERP,Estimated Resident Population,SA2,Statistical Area Level 2,202011025,White Hills - Ascot,A,Annual,2019,2019,13789,,
ERP,Estimated Resident Population,SA3,Statistical Area Level 3,20202,Heathcote - Castlemaine - Kyneton,A,Annual,2019,2019,50312,,
ERP,Estimated Resident Population,SA2,Statistical Area Level 2,202021026,Bendigo Region - South,A,Annual,2019,2019,7891,,
ERP,Estimated Resident Population,SA2,Statistical Area Level 2,202021027,Castlemaine,A,Annual,2019,2019,11196,,
ERP,Estimated Resident Population,SA2,Statistical Area Level 2,202021028,Castlemaine Region,A,Annual,2019,2019,8797,,
ERP,Estimated Resident Population,SA2,Statistical Area Level 2,202021029,Heathcote,A,Annual,2019,2019,4690,,
ERP,Estimated Resident Population,SA2,Statistical Area Level 2,202021030,Kyneton,A,Annual,2019,2019,10226,,
ERP,Estimated Resident Population,SA2,Statistical Area Level 2,202021031,Woodend,A,Annual,2019,2019,7512,,
ERP,Estimated Resident Population,SA3,Statistical Area Level 3,20203,Loddon - Elmore,A,Annual,2019,2019,11615,,
ERP,Estimated Resident Population,SA2,Statistical Area Level 2,202031032,Bendigo Region - North,A,Annual,2019,2019,4580,,
ERP,Estimated Resident Population,SA2,Statistical Area Level 2,202031033,Loddon,A,Annual,2019,2019,7035,,
ERP,Estimated Resident Population,SA4,Statistical Area Level 4,203,Geelong,A,Annual,2019,2019,310128,,
ERP,Estimated Resident Population,SA3,Statistical Area Level 3,20301,Barwon - West,A,Annual,2019,2019,20732,,
ERP,Estimated Resident Population,SA2,Statistical Area Level 2,203011034,Bannockburn,A,Annual,2019,2019,7347,,
ERP,Estimated Resident Population,SA2,Statistical Area Level 2,203011035,Golden Plains - South,A,Annual,2019,2019,7433,,
ERP,Estimated Resident Population,SA2,Statistical Area Level 2,203011036,Winchelsea,A,Annual,2019,2019,5952,,
ERP,Estimated Resident Population,SA3,Statistical Area Level 3,20302,Geelong,A,Annual,2019,2019,206080,,
ERP,Estimated Resident Population,SA2,Statistical Area Level 2,203021037,Belmont,A,Annual,2019,2019,14765,,
ERP,Estimated Resident Population,SA2,Statistical Area Level 2,203021038,Corio - Norlane,A,Annual,2019,2019,27571,,
ERP,Estimated Resident Population,SA2,Statistical Area Level 2,203021039,Geelong,A,Annual,2019,2019,13587,,
ERP,Estimated Resident Population,SA2,Statistical Area Level 2,203021040,Geelong West - Hamlyn Heights,A,Annual,2019,2019,20870,,
ERP,Estimated Resident Population,SA2,Statistical Area Level 2,203021041,Grovedale,A,Annual,2019,2019,29379,,
ERP,Estimated Resident Population,SA2,Statistical Area Level 2,203021042,Highton,A,Annual,2019,2019,23798,,
ERP,Estimated Resident Population,SA2,Statistical Area Level 2,203021043,Lara,A,Annual,2019,2019,20579,,
ERP,Estimated Resident Population,SA2,Statistical Area Level 2,203021044,Leopold,A,Annual,2019,2019,13836,,
ERP,Estimated Resident Population,SA2,Statistical Area Level 2,203021045,Newcomb - Moolap,A,Annual,2019,2019,15119,,
ERP,Estimated Resident Population,SA2,Statistical Area Level 2,203021046,Newtown (Vic.),A,Annual,2019,2019,10833,,
ERP,Estimated Resident Population,SA2,Statistical Area Level 2,203021047,North Geelong - Bell Park,A,Annual,2019,2019,15743,,
ERP,Estimated Resident Population,SA3,Statistical Area Level 3,20303,Surf Coast - Bellarine Peninsula,A,Annual,2019,2019,83316,,
ERP,Estimated Resident Population,SA2,Statistical Area Level 2,203031048,Clifton Springs,A,Annual,2019,2019,15399,,
ERP,Estimated Resident Population,SA2,Statistical Area Level 2,203031049,Lorne - Anglesea,A,Annual,2019,2019,5444,,
ERP,Estimated Resident Population,SA2,Statistical Area Level 2,203031050,Ocean Grove - Barwon Heads,A,Annual,2019,2019,28053,,
ERP,Estimated Resident Population,SA2,Statistical Area Level 2,203031051,Portarlington,A,Annual,2019,2019,8158,,
ERP,Estimated Resident Population,SA2,Statistical Area Level 2,203031052,Point Lonsdale - Queenscliff,A,Annual,2019,2019,4496,,
ERP,Estimated Resident Population,SA2,Statistical Area Level 2,203031053,Torquay,A,Annual,2019,2019,21766,,
ERP,Estimated Resident Population,SA4,Statistical Area Level 4,204,Hume,A,Annual,2019,2019,178686,,
ERP,Estimated Resident Population,SA3,Statistical Area Level 3,20401,Upper Goulburn Valley,A,Annual,2019,2019,57258,,
ERP,Estimated Resident Population,SA2,Statistical Area Level 2,204011054,Alexandra,A,Annual,2019,2019,6650,,
ERP,Estimated Resident Population,SA2,Statistical Area Level 2,204011055,Euroa,A,Annual,2019,2019,6506,,
ERP,Estimated Resident Population,SA2,Statistical Area Level 2,204011056,Kilmore - Broadford,A,Annual,2019,2019,15515,,
ERP,Estimated Resident Population,SA2,Statistical Area Level 2,204011057,Mansfield (Vic.),A,Annual,2019,2019,9446,,
ERP,Estimated Resident Population,SA2,Statistical Area Level 2,204011058,Nagambie,A,Annual,2019,2019,4269,,
ERP,Estimated Resident Population,SA2,Statistical Area Level 2,204011059,Seymour,A,Annual,2019,2019,6452,,
ERP,Estimated Resident Population,SA2,Statistical Area Level 2,204011060,Seymour Region,A,Annual,2019,2019,4470,,
ERP,Estimated Resident Population,SA2,Statistical Area Level 2,204011061,Upper Yarra Valley,A,Annual,2019,2019,194,,
ERP,Estimated Resident Population,SA2,Statistical Area Level 2,204011062,Yea,A,Annual,2019,2019,3756,,
ERP,Estimated Resident Population,SA3,Statistical Area Level 3,20402,Wangaratta - Benalla,A,Annual,2019,2019,47351,,
ERP,Estimated Resident Population,SA2,Statistical Area Level 2,204021063,Benalla,A,Annual,2019,2019,10450,,
ERP,Estimated Resident Population,SA2,Statistical Area Level 2,204021064,Benalla Region,A,Annual,2019,2019,3665,,
ERP,Estimated Resident Population,SA2,Statistical Area Level 2,204021065,Rutherglen,A,Annual,2019,2019,4049,,
ERP,Estimated Resident Population,SA2,Statistical Area Level 2,204021066,Wangaratta,A,Annual,2019,2019,19411,,
ERP,Estimated Resident Population,SA2,Statistical Area Level 2,204021067,Wangaratta Region,A,Annual,2019,2019,9776,,
ERP,Estimated Resident Population,SA3,Statistical Area Level 3,20403,Wodonga - Alpine,A,Annual,2019,2019,74077,,
ERP,Estimated Resident Population,SA2,Statistical Area Level 2,204031068,Beechworth,A,Annual,2019,2019,4854,,
ERP,Estimated Resident Population,SA2,Statistical Area Level 2,204031069,Bright - Mount Beauty,A,Annual,2019,2019,8526,,
ERP,Estimated Resident Population,SA2,Statistical Area Level 2,204031070,Chiltern - Indigo Valley,A,Annual,2019,2019,3163,,
ERP,Estimated Resident Population,SA2,Statistical Area Level 2,204031071,Myrtleford,A,Annual,2019,2019,4753,,
ERP,Estimated Resident Population,SA2,Statistical Area Level 2,204031072,Towong,A,Annual,2019,2019,6014,,
ERP,Estimated Resident Population,SA2,Statistical Area Level 2,204031073,West Wodonga,A,Annual,2019,2019,15441,,
ERP,Estimated Resident Population,SA2,Statistical Area Level 2,204031074,Wodonga,A,Annual,2019,2019,26642,,
ERP,Estimated Resident Population,SA2,Statistical Area Level 2,204031075,Yackandandah,A,Annual,2019,2019,4684,,
ERP,Estimated Resident Population,SA4,Statistical Area Level 4,205,Latrobe - Gippsland,A,Annual,2019,2019,286952,,
ERP,Estimated Resident Population,SA3,Statistical Area Level 3,20501,Baw Baw,A,Annual,2019,2019,53486,,
ERP,Estimated Resident Population,SA2,Statistical Area Level 2,205011076,Drouin,A,Annual,2019,2019,18453,,
ERP,Estimated Resident Population,SA2,Statistical Area Level 2,205011077,Mount Baw Baw Region,A,Annual,2019,2019,6191,,
ERP,Estimated Resident Population,SA2,Statistical Area Level 2,205011078,Trafalgar (Vic.),A,Annual,2019,2019,8078,,
ERP,Estimated Resident Population,SA2,Statistical Area Level 2,205011079,Warragul,A,Annual,2019,2019,20764,,
ERP,Estimated Resident Population,SA3,Statistical Area Level 3,20502,Gippsland - East,A,Annual,2019,2019,47422,,
ERP,Estimated Resident Population,SA2,Statistical Area Level 2,205021080,Alps - East,A,Annual,2019,2019,3,,
ERP,Estimated Resident Population,SA2,Statistical Area Level 2,205021081,Bairnsdale,A,Annual,2019,2019,15565,,
ERP,Estimated Resident Population,SA2,Statistical Area Level 2,205021082,Bruthen - Omeo,A,Annual,2019,2019,8171,,
ERP,Estimated Resident Population,SA2,Statistical Area Level 2,205021083,Lake King,A,Annual,2019,2019,0,,
ERP,Estimated Resident Population,SA2,Statistical Area Level 2,205021084,Lakes Entrance,A,Annual,2019,2019,10397,,
ERP,Estimated Resident Population,SA2,Statistical Area Level 2,205021085,Orbost,A,Annual,2019,2019,6448,,
ERP,Estimated Resident Population,SA2,Statistical Area Level 2,205021086,Paynesville,A,Annual,2019,2019,6838,,
ERP,Estimated Resident Population,SA3,Statistical Area Level 3,20503,Gippsland - South West,A,Annual,2019,2019,66346,,
ERP,Estimated Resident Population,SA2,Statistical Area Level 2,205031087,Foster,A,Annual,2019,2019,9079,,
ERP,Estimated Resident Population,SA2,Statistical Area Level 2,205031088,French Island,A,Annual,2019,2019,114,,
ERP,Estimated Resident Population,SA2,Statistical Area Level 2,205031089,Korumburra,A,Annual,2019,2019,9586,,
ERP,Estimated Resident Population,SA2,Statistical Area Level 2,205031090,Leongatha,A,Annual,2019,2019,11470,,
ERP,Estimated Resident Population,SA2,Statistical Area Level 2,205031091,Phillip Island,A,Annual,2019,2019,11750,,
ERP,Estimated Resident Population,SA2,Statistical Area Level 2,205031092,Wilsons Promontory,A,Annual,2019,2019,13,,
ERP,Estimated Resident Population,SA2,Statistical Area Level 2,205031093,Wonthaggi - Inverloch,A,Annual,2019,2019,24334,,
ERP,Estimated Resident Population,SA3,Statistical Area Level 3,20504,Latrobe Valley,A,Annual,2019,2019,75390,,
ERP,Estimated Resident Population,SA2,Statistical Area Level 2,205041094,Churchill,A,Annual,2019,2019,11628,,
ERP,Estimated Resident Population,SA2,Statistical Area Level 2,205041095,Moe - Newborough,A,Annual,2019,2019,16821,,
ERP,Estimated Resident Population,SA2,Statistical Area Level 2,205041096,Morwell,A,Annual,2019,2019,14042,,
ERP,Estimated Resident Population,SA2,Statistical Area Level 2,205041097,Traralgon,A,Annual,2019,2019,28207,,
ERP,Estimated Resident Population,SA2,Statistical Area Level 2,205041098,Yallourn North - Glengarry,A,Annual,2019,2019,4692,,
ERP,Estimated Resident Population,SA3,Statistical Area Level 3,20505,Wellington,A,Annual,2019,2019,44308,,
ERP,Estimated Resident Population,SA2,Statistical Area Level 2,205051099,Alps - West,A,Annual,2019,2019,24,,
ERP,Estimated Resident Population,SA2,Statistical Area Level 2,205051100,Longford - Loch Sport,A,Annual,2019,2019,4452,,
ERP,Estimated Resident Population,SA2,Statistical Area Level 2,205051101,Maffra,A,Annual,2019,2019,14335,,
ERP,Estimated Resident Population,SA2,Statistical Area Level 2,205051102,Rosedale,A,Annual,2019,2019,4918,,
ERP,Estimated Resident Population,SA2,Statistical Area Level 2,205051103,Sale,A,Annual,2019,2019,15135,,
ERP,Estimated Resident Population,SA2,Statistical Area Level 2,205051104,Yarram,A,Annual,2019,2019,5444,,
ERP,Estimated Resident Population,SA4,Statistical Area Level 4,215,North West,A,Annual,2019,2019,152106,,
ERP,Estimated Resident Population,SA3,Statistical Area Level 3,21501,Grampians,A,Annual,2019,2019,59084,,
ERP,Estimated Resident Population,SA2,Statistical Area Level 2,215011386,Ararat,A,Annual,2019,2019,8448,,
ERP,Estimated Resident Population,SA2,Statistical Area Level 2,215011387,Ararat Region,A,Annual,2019,2019,3245,,
ERP,Estimated Resident Population,SA2,Statistical Area Level 2,215011388,Horsham,A,Annual,2019,2019,16589,,
ERP,Estimated Resident Population,SA2,Statistical Area Level 2,215011389,Horsham Region,A,Annual,2019,2019,3394,,
ERP,Estimated Resident Population,SA2,Statistical Area Level 2,215011390,Nhill Region,A,Annual,2019,2019,6722,,
ERP,Estimated Resident Population,SA2,Statistical Area Level 2,215011391,St Arnaud,A,Annual,2019,2019,3284,,
ERP,Estimated Resident Population,SA2,Statistical Area Level 2,215011392,Stawell,A,Annual,2019,2019,8109,,
ERP,Estimated Resident Population,SA2,Statistical Area Level 2,215011393,West Wimmera,A,Annual,2019,2019,2713,,
ERP,Estimated Resident Population,SA2,Statistical Area Level 2,215011394,Yarriambiack,A,Annual,2019,2019,6580,,
ERP,Estimated Resident Population,SA3,Statistical Area Level 3,21502,Mildura,A,Annual,2019,2019,55777,,
ERP,Estimated Resident Population,SA2,Statistical Area Level 2,215021395,Irymple,A,Annual,2019,2019,7193,,
ERP,Estimated Resident Population,SA2,Statistical Area Level 2,215021396,Merbein,A,Annual,2019,2019,4877,,
ERP,Estimated Resident Population,SA2,Statistical Area Level 2,215021398,Mildura Region,A,Annual,2019,2019,3775,,
ERP,Estimated Resident Population,SA2,Statistical Area Level 2,215021399,Red Cliffs,A,Annual,2019,2019,5990,,
ERP,Estimated Resident Population,SA2,Statistical Area Level 2,215021469,Mildura - North,A,Annual,2019,2019,18709,,
ERP,Estimated Resident Population,SA2,Statistical Area Level 2,215021470,Mildura - South,A,Annual,2019,2019,15233,,
ERP,Estimated Resident Population,SA3,Statistical Area Level 3,21503,Murray River - Swan Hill,A,Annual,2019,2019,37245,,
ERP,Estimated Resident Population,SA2,Statistical Area Level 2,215031400,Buloke,A,Annual,2019,2019,6127,,
ERP,Estimated Resident Population,SA2,Statistical Area Level 2,215031401,Gannawarra,A,Annual,2019,2019,6596,,
ERP,Estimated Resident Population,SA2,Statistical Area Level 2,215031402,Kerang,A,Annual,2019,2019,3868,,
ERP,Estimated Resident Population,SA2,Statistical Area Level 2,215031403,Robinvale,A,Annual,2019,2019,3328,,
ERP,Estimated Resident Population,SA2,Statistical Area Level 2,215031404,Swan Hill,A,Annual,2019,2019,11089,,
ERP,Estimated Resident Population,SA2,Statistical Area Level 2,215031405,Swan Hill Region,A,Annual,2019,2019,6237,,
ERP,Estimated Resident Population,SA4,Statistical Area Level 4,216,Shepparton,A,Annual,2019,2019,134144,,
ERP,Estimated Resident Population,SA3,Statistical Area Level 3,21601,Campaspe,A,Annual,2019,2019,37830,,
ERP,Estimated Resident Population,SA2,Statistical Area Level 2,216011406,Echuca,A,Annual,2019,2019,14978,,
ERP,Estimated Resident Population,SA2,Statistical Area Level 2,216011407,Kyabram,A,Annual,2019,2019,11065,,
ERP,Estimated Resident Population,SA2,Statistical Area Level 2,216011408,Lockington - Gunbower,A,Annual,2019,2019,3856,,
ERP,Estimated Resident Population,SA2,Statistical Area Level 2,216011409,Rochester,A,Annual,2019,2019,3888,,
ERP,Estimated Resident Population,SA2,Statistical Area Level 2,216011410,Rushworth,A,Annual,2019,2019,4043,,
ERP,Estimated Resident Population,SA3,Statistical Area Level 3,21602,Moira,A,Annual,2019,2019,29925,,
ERP,Estimated Resident Population,SA2,Statistical Area Level 2,216021411,Cobram,A,Annual,2019,2019,6395,,
ERP,Estimated Resident Population,SA2,Statistical Area Level 2,216021412,Moira,A,Annual,2019,2019,2676,,
ERP,Estimated Resident Population,SA2,Statistical Area Level 2,216021413,Numurkah,A,Annual,2019,2019,12400,,
ERP,Estimated Resident Population,SA2,Statistical Area Level 2,216021414,Yarrawonga,A,Annual,2019,2019,8454,,
ERP,Estimated Resident Population,SA3,Statistical Area Level 3,21603,Shepparton,A,Annual,2019,2019,66389,,
ERP,Estimated Resident Population,SA2,Statistical Area Level 2,216031415,Mooroopna,A,Annual,2019,2019,8144,,
ERP,Estimated Resident Population,SA2,Statistical Area Level 2,216031416,Shepparton - North,A,Annual,2019,2019,19540,,
ERP,Estimated Resident Population,SA2,Statistical Area Level 2,216031417,Shepparton - South,A,Annual,2019,2019,24420,,
ERP,Estimated Resident Population,SA2,Statistical Area Level 2,216031418,Shepparton Region - East,A,Annual,2019,2019,3856,,
ERP,Estimated Resident Population,SA2,Statistical Area Level 2,216031419,Shepparton Region - West,A,Annual,2019,2019,10429,,
ERP,Estimated Resident Population,SA4,Statistical Area Level 4,217,Warrnambool and South West,A,Annual,2019,2019,125360,,
ERP,Estimated Resident Population,SA3,Statistical Area Level 3,21701,Glenelg - Southern Grampians,A,Annual,2019,2019,35816,,
ERP,Estimated Resident Population,SA2,Statistical Area Level 2,217011420,Glenelg (Vic.),A,Annual,2019,2019,8715,,
ERP,Estimated Resident Population,SA2,Statistical Area Level 2,217011421,Hamilton (Vic.),A,Annual,2019,2019,10125,,
ERP,Estimated Resident Population,SA2,Statistical Area Level 2,217011422,Portland,A,Annual,2019,2019,10928,,
ERP,Estimated Resident Population,SA2,Statistical Area Level 2,217011423,Southern Grampians,A,Annual,2019,2019,6048,,
ERP,Estimated Resident Population,SA3,Statistical Area Level 3,21703,Colac - Corangamite,A,Annual,2019,2019,37495,,
ERP,Estimated Resident Population,SA2,Statistical Area Level 2,217031471,Camperdown,A,Annual,2019,2019,3506,,
ERP,Estimated Resident Population,SA2,Statistical Area Level 2,217031472,Colac,A,Annual,2019,2019,12574,,
ERP,Estimated Resident Population,SA2,Statistical Area Level 2,217031473,Colac Region,A,Annual,2019,2019,5364,,
ERP,Estimated Resident Population,SA2,Statistical Area Level 2,217031474,Corangamite - North,A,Annual,2019,2019,5340,,
ERP,Estimated Resident Population,SA2,Statistical Area Level 2,217031475,Corangamite - South,A,Annual,2019,2019,7103,,
ERP,Estimated Resident Population,SA2,Statistical Area Level 2,217031476,Otway,A,Annual,2019,2019,3608,,
ERP,Estimated Resident Population,SA3,Statistical Area Level 3,21704,Warrnambool,A,Annual,2019,2019,52049,,
ERP,Estimated Resident Population,SA2,Statistical Area Level 2,217041477,Moyne - East,A,Annual,2019,2019,6685,,
ERP,Estimated Resident Population,SA2,Statistical Area Level 2,217041478,Moyne - West,A,Annual,2019,2019,9841,,
ERP,Estimated Resident Population,SA2,Statistical Area Level 2,217041479,Warrnambool - North,A,Annual,2019,2019,22229,,
ERP,Estimated Resident Population,SA2,Statistical Area Level 2,217041480,Warrnambool - South,A,Annual,2019,2019,13294,,
ERP,Estimated Resident Population,SA3,Statistical Area Level 3,29799,Migratory - Offshore - Shipping (Vic.),A,Annual,2019,2019,0,,
ERP,Estimated Resident Population,SA4,Statistical Area Level 4,297,Migratory - Offshore - Shipping (Vic.),A,Annual,2019,2019,0,,
ERP,Estimated Resident Population,SA3,Statistical Area Level 3,29797,Migratory - Offshore - Shipping (Vic.),A,Annual,2019,2019,0,,
ERP,Estimated Resident Population,SA2,Statistical Area Level 2,297979799,Migratory - Offshore - Shipping (Vic.),A,Annual,2019,2019,0,,
